DRA12,0.04492001914285715
DRA24,0.04564641850000001
DRA59,0.14820391688888887
DRB01,0.0911268877142857
DRB13,0.0076484679999999985
DRB24,0.02059638525
DRB25,0.07940715200000001
DRB48,0.026969899125000005
DRC01,0.02065332422222222
DRC12,0.03786209375
DRC13,0.032466695000000004
DRC24,0.026912663555555556
DRC25,0.05261601333333333
DRC27,0.0664234093
DRC36,0.05214720022222222
DRC49,0.07095012066666667
DRD01,0.06633004866666667
DRD12,0.08474233871428571
DRD13,0.049125162124999996
DRD15,0.06492975120000001
DRD24,0.0352052945
DRD25,0.09153839355555554
DRD27,0.026415625999999998
DRD37,0.015020764249999999
DRD49,0.1679873345
DRD60,0.040369204444444445
DRE01,0.1798078047777778
DRE03,0.02606072766666667
DRE12,0.0708353712857143
DRE13,0.031672791
DRE15,0.0209566625
DRE25,0.07945787088888888
DRE27,0.1427129157777778
DRE37,0.103152893375
DRE48,0.018788861124999997
DRE49,0.023333338571428573
DRE60,0.172759627
DRF01,0.20293965111111112
DRF03,0.04873767388888888
DRF13,0.032607435375
DRF15,0.038502199888888894
DRF23,0.13309683125
DRF25,0.042205006
DRF27,0.030811647777777784
DRF36,0.02536195288888889
DRF37,0.08439794628571429
DRF48,0.05185658942857142
DRF49,0.07706680666666667
DRF51,0.1799280305
DRF60,0.052093829428571437
DRG01,0.0491235695
DRG03,0.06667857177777775
DRG11,0.09097758075000001
DRG13,0.04034332962500001
DRG15,0.07682668300000002
DRG23,0.094126911375
DRG25,0.019067428375
DRG27,0.11502061050000001
DRG36,0.095467028875
DRG37,0.02247243
DRG39,0.042220270375
DRG48,0.0166395182
DRG49,0.07711566949999998
DRG51,0.012413099
DRH01,0.10615320288888891
DRH03,0.040662755
DRH11,0.0863787335
DRH13,0.02589853388888889
DRH15,0.12034119274999999
DRH23,0.19739052833333337
DRH25,0.0158360515
DRH36,0.0365476275
DRH37,0.047576297200000006
DRH39,0.100583284375
DRH49,0.029077973875
DRH51,0.10649058075
DRH59,0.06339802275
DRI01,0.037775897999999995
DRI03,0.026777310874999998
DRI11,0.0393313756
DRI13,0.020345888625
DRI23,0.13734665314285713
DRI25,0.036467570111111104
DRI37,0.11574236833333333
DRI39,0.10440908822222224
DRI47,0.023916188999999997
DRI49,0.18367816175
DRI51,0.04582802800000001
DRI59,0.04087922628571428
DRJ01,0.12373964255555557
DRJ11,0.09327886042857143
DRJ13,0.067650708
DRJ23,0.0452424385
DRJ24,0.12955926979999996
DRJ25,0.16196453600000002
DRJ35,0.04662377757142857
DRJ37,0.061158275375
DRJ39,0.03907572044444444
DRJ47,0.05058745550000001
DRJ49,0.014009801428571429
DRJ51,0.096317740375
DRJ59,0.021033632875
DRK01,0.06620944866666666
DRK11,0.011927428714285714
DRK12,0.04192531825
DRK13,0.1316608991
DRK23,0.07804123844444444
DRK35,0.082135738
DRK37,0.048764245428571426
DRK39,0.054679380428571435
DRK47,0.06891365422222223
DRK49,0.03866443188888888
DRK59,0.08185566687500001
DRL01,0.08945227788888888
DRL11,0.05165283611111111
DRL23,0.016593818666666666
DRL35,0.03071843557142857
DRL37,0.057879375500000003
DRL47,0.042401112125
DRL49,0.0645103084
DRL59,0.02301242333333333
DRL60,0.0309345716
DRM11,0.07657141133333334
DRM23,0.147373809
DRM35,0.07051014774999999
DRM37,0.11172035344444445
DRM47,0.04709999833333334
DRM48,0.12144224377777779
DRM49,0.15208195385714288
DRM59,0.003894754777777778
DRN11,0.16305886442857145
DRN35,0.07556489377777778
DRN36,0.054934199125000006
DRN37,0.11357559100000002
DRN47,0.019500493666666667
DRN59,0.06421750228571428
DRO35,0.03718711733333333
DRO47,0.12178121175
DRO59,0.05871716822222222
DRP35,0.09852357233333334
DRP47,0.16297961444444442
DRQ35,0.04585483366666667
DRY23,0.1182885868888889
DRZ11,0.11276984812500003
DRZ24,0.09850554000000002
FDA01,0.058494348222222214
FDA02,0.0339792851
FDA03,0.049336337499999994
FDA04,0.06679212925
FDA07,0.035376250399999996
FDA08,0.05483390649999999
FDA09,0.162101309375
FDA10,0.1571065565714286
FDA11,0.04733845112500001
FDA13,0.0898049191
FDA14,0.07132875362499999
FDA15,0.017235185222222223
FDA16,0.03397811328571428
FDA19,0.059807933375000004
FDA20,0.06668311675
FDA21,0.03596991828571429
FDA22,0.09169506575
FDA23,0.05075880299999999
FDA25,0.074590481375
FDA26,0.087115617625
FDA27,0.033843513125
FDA28,0.05541272411111112
FDA31,0.11833888611111111
FDA32,0.03486398277777778
FDA33,0.03393146225
FDA34,0.014874393875
FDA35,0.053887689749999995
FDA36,0.0061438207777777774
FDA37,0.059880037666666656
FDA38,0.029128936399999993
FDA39,0.013801249375
FDA40,0.10769953212500001
FDA43,0.0739380589
FDA44,0.05725134355555555
FDA45,0.15541946885714286
FDA46,0.1265397271111111
FDA47,0.12770372475
FDA48,0.114981021625
FDA49,0.0742193063
FDA50,0.09965961840000001
FDA51,0.164832933125
FDA52,0.14879920211111114
FDA55,0.06179079544444445
FDA56,0.009428225444444445
FDA57,0.0396805135
FDA58,0.103801264
FDB02,0.029191433125
FDB03,0.1792919448
FDB04,0.0722810391
FDB05,0.09020844744444444
FDB08,0.034477364999999996
FDB09,0.06649310744444444
FDB10,0.07367507528571429
FDB11,0.06545384633333334
FDB12,0.105405712625
FDB14,0.1104994798888889
FDB15,0.14716646277777778
FDB16,0.044967614625
FDB17,0.0419239739
FDB20,0.0594248954
FDB21,0.16268877225
FDB22,0.120873699375
FDB23,0.006476622
FDB26,0.031296609249999996
FDB27,0.05958280844444444
FDB28,0.10045407266666666
FDB29,0.052460477625
FDB32,0.0268116691
FDB33,0.016891058555555557
FDB34,0.02862400988888889
FDB35,0.0738731555
FDB36,0.04854485420000001
FDB37,0.022951887714285715
FDB38,0.029670107
FDB39,0.04176448066666667
FDB40,0.0081827315
FDB41,0.1112494861
FDB44,0.018390978625000002
FDB45,0.023126993333333335
FDB46,0.09385117137499999
FDB47,0.07683614866666667
FDB49,0.035545808375
FDB50,0.16656212222222222
FDB51,0.0384898815
FDB52,0.03300003655555555
FDB53,0.15260009575
FDB56,0.07475824085714286
FDB57,0.02038958077777778
FDB58,0.015429315200000002
FDB59,0.016581570375
FDB60,0.0326067799
FDC02,0.0740319097777778
FDC03,0.07728482688888888
FDC04,0.048776035777777775
FDC05,0.10710795366666664
FDC08,0.112261772625
FDC09,0.028523167375
FDC10,0.08331459299999999
FDC11,0.14192486637500001
FDC14,0.047794114000000006
FDC15,0.19144020377777776
FDC16,0.020591699285714284
FDC17,0.01676341233333333
FDC20,0.027786399111111113
FDC21,0.049111016599999995
FDC22,0.15811384166666667
FDC23,0.017922875499999998
FDC26,0.13594950655555554
FDC28,0.059630478625000004
FDC29,0.024228199
FDC32,0.11330254840000001
FDC33,0.06900252937500001
FDC34,0.18731538755555557
FDC35,0.1404294621
FDC37,0.037581195199999994
FDC38,0.12260802375000002
FDC39,0.15920173566666665
FDC40,0.065124471125
FDC41,0.1336565642
FDC44,0.18726091475
FDC45,0.14850339724999997
FDC46,0.125364024
FDC47,0.13591714019999998
FDC48,0.017195562666666667
FDC50,0.15822085655555557
FDC51,0.010447039875
FDC52,0.009064947375
FDC53,0.0101010667
FDC56,0.13071908177777777
FDC57,0.0624130944
FDC58,0.042014063166666664
FDC59,0.06331222855555556
FDC60,0.1308661654
FDD02,0.060545269285714284
FDD03,0.079880575125
FDD04,0.09850179549999999
FDD05,0.018990428900000002
FDD08,0.04041751179999999
FDD09,0.023329176250000003
FDD10,0.049940688500000004
FDD11,0.033916497
FDD14,0.19412697590000003
FDD16,0.041559279299999995
FDD17,0.037819364333333334
FDD20,0.022956418000000003
FDD21,0.03058260216666667
FDD22,0.10719255500000001
FDD23,0.048730861875
FDD26,0.08359176955555556
FDD28,0.059028964999999996
FDD29,0.01980407588888889
FDD32,0.0482524215
FDD33,0.11870943057142858
FDD34,0.015891069875
FDD35,0.025892651
FDD36,0.02288383655555555
FDD38,0.00949963588888889
FDD39,0.07606599344444445
FDD40,0.01591312155555556
FDD41,0.087341352875
FDD44,0.07849321385714285
FDD45,0.136954412625
FDD46,0.16148549250000002
FDD47,0.1628056337
FDD48,0.032441514
FDD50,0.141774104375
FDD51,0.131292618
FDD52,0.18346554862499997
FDD53,0.05126344044444444
FDD56,0.11864051059999998
FDD57,0.024095101777777777
FDD58,0.06785216390000001
FDD59,0.06625123157142858
FDE02,0.14048932255555557
FDE04,0.019557833
FDE05,0.03520945925
FDE08,0.057136627777777775
FDE09,0.02503726511111111
FDE10,0.097590215
FDE11,0.15928328500000002
FDE14,0.031474431125
FDE16,0.0301164373
FDE17,0.059043793333333344
FDE20,0.00553566525
FDE21,0.02660808088888889
FDE22,0.0338079759
FDE23,0.0583629322857143
FDE24,0.106847544
FDE26,0.1017524173
FDE28,0.15626283550000003
FDE29,0.15396310722222223
FDE32,0.048804310125
FDE33,0.056743993199999995
FDE34,0.11605810488888887
FDE35,0.051763419250000005
FDE36,0.04844184555555556
FDE38,0.04836566055555555
FDE39,0.03917911633333333
FDE40,0.10849111149999999
FDE41,0.064073777375
FDE44,0.187590473125
FDE45,0.04677997533333333
FDE46,0.017098412555555557
FDE47,0.04077820500000001
FDE50,0.017571097777777777
FDE51,0.11177392255555557
FDE52,0.02990120928571428
FDE53,0.0307297068
FDE56,0.17260887666666666
FDE57,0.036318911125000006
FDE58,0.05212630216666667
FDE59,0.06700261744444444
FDF02,0.11229523674999999
FDF04,0.014931120249999999
FDF05,0.02913497122222222
FDF08,0.07555412388888888
FDF09,0.013068501555555554
FDF10,0.15700404857142858
FDF11,0.019143289750000004
FDF12,0.08250460425
FDF14,0.0271951145
FDF16,0.09846751769999999
FDF17,0.04621202766666667
FDF20,0.037977679
FDF21,0.06934480675000002
FDF22,0.0649694881
FDF24,0.027290854000000003
FDF26,0.050164719777777776
FDF28,0.04328738389999999
FDF29,0.021443080888888893
FDF32,0.074667013
FDF33,0.023382388499999997
FDF34,0.015080574222222223
FDF35,0.154132708875
FDF38,0.026382547000000003
FDF39,0.021168989625
FDF40,0.02440895533333333
FDF41,0.14996626770000002
FDF44,0.06424906222222222
FDF45,0.01221607625
FDF46,0.10253206075
FDF47,0.097709127625
FDF50,0.11744561216666667
FDF52,0.07736813566666667
FDF53,0.083684412
FDF56,0.1365705879
FDF57,0.06440502025
FDF58,0.010388441555555555
FDF59,0.08253585466666666
FDG02,0.012210005222222223
FDG04,0.006573542444444445
FDG05,0.0879211112857143
FDG08,0.18091681487500003
FDG09,0.0548013105
FDG10,0.012505931100000001
FDG12,0.006331005428571429
FDG14,0.05054773525
FDG16,0.09738457144444444
FDG17,0.03886002833333333
FDG20,0.13520170966666667
FDG21,0.16198817157142859
FDG22,0.044867839222222226
FDG24,0.014644772124999999
FDG26,0.046243434
FDG28,0.049326177875
FDG29,0.056344334249999996
FDG31,0.04392661044444444
FDG32,0.1908245151111111
FDG33,0.1603242983
FDG34,0.040769757875
FDG35,0.007796485571428571
FDG38,0.0571924665
FDG40,0.0455276501
FDG41,0.07663339749999999
FDG44,0.11333213485714287
FDG45,0.14245326400000002
FDG46,0.037622698100000004
FDG47,0.0795890577
FDG50,0.017702220111111108
FDG52,0.06569195425
FDG53,0.049328018111111115
FDG56,0.07686107511111111
FDG57,0.07777089522222222
FDG58,0.09417110012499999
FDG59,0.04733727525
FDG60,0.06529431633333334
FDH02,0.0225633515
FDH04,0.0130017124
FDH05,0.09779523866666667
FDH08,0.0199251244
FDH09,0.056129788625
FDH10,0.056366053099999994
FDH12,0.0971200023
FDH14,0.05351207570000001
FDH16,0.05653345833333333
FDH17,0.018056513444444443
FDH19,0.03587643255555556
FDH20,0.027056027125
FDH21,0.0356967931
FDH22,0.13642785825
FDH24,0.023236873333333335
FDH26,0.037623459
FDH27,0.06670289059999998
FDH28,0.12759875844444446
FDH31,0.020416382285714286
FDH32,0.086952708
FDH33,0.13333744325
FDH34,0.033715262111111116
FDH35,0.06536386175
FDH38,0.01131773211111111
FDH40,0.0902331924
FDH41,0.09504734388888887
FDH44,0.028062135250000002
FDH45,0.11457008411111112
FDH46,0.04440709811111111
FDH47,0.139694540125
FDH48,0.07281246528571429
FDH50,0.161571373
FDH52,0.050881548888888885
FDH53,0.02105326628571429
FDH56,0.0729565627
FDH57,0.040866978
FDH58,0.03696161783333333
FDH60,0.08944206342857143
FDI02,0.1146717665
FDI04,0.08335433
FDI05,0.13755947588888887
FDI07,0.036964565500000005
FDI08,0.06635878525
FDI09,0.12943775542857144
FDI10,0.07847733049999998
FDI12,0.10049242337499999
FDI14,0.08976127337499999
FDI15,0.16382071066666665
FDI16,0.15738370922222222
FDI19,0.05738711471428571
FDI20,0.044086533
FDI21,0.06088729899999999
FDI22,0.10999115749999999
FDI24,0.08537858133333334
FDI26,0.03782621777777778
FDI27,0.04986978625
FDI28,0.028314089666666667
FDI32,0.20545580275
FDI33,0.028445277875
FDI34,0.0923093178888889
FDI35,0.041329616
FDI36,0.067608237125
FDI38,0.015862119375
FDI40,0.13618597499999996
FDI41,0.07214945433333333
FDI44,0.100326198625
FDI45,0.04074775477777778
FDI46,0.07436430614285715
FDI48,0.061001262249999993
FDI50,0.033766970375
FDI52,0.10477560524999999
FDI53,0.14806381933333335
FDI56,0.10675924020000001
FDI57,0.054075948624999995
FDI58,0.0707703085
FDI60,0.04122189788888889
FDJ02,0.029171416666666665
FDJ03,0.07787475577777778
FDJ04,0.12456792762500002
FDJ07,0.01564896175
FDJ08,0.11999708800000002
FDJ09,0.05846916566666666
FDJ10,0.1480500761
FDJ12,0.04199628333333333
FDJ14,0.050117097500000006
FDJ15,0.025287577333333335
FDJ16,0.11499261875
FDJ20,0.11452114029999998
FDJ21,0.038564102749999996
FDJ22,0.05725991700000001
FDJ26,0.09820008355555557
FDJ27,0.12198951375000001
FDJ28,0.0237358005
FDJ32,0.0627024465
FDJ33,0.10097092910000001
FDJ34,0.09374293212500001
FDJ36,0.13796855900000002
FDJ38,0.04404095400000001
FDJ40,0.049635433
FDJ41,0.026160428899999998
FDJ44,0.11437556155555556
FDJ45,0.07959605855555557
FDJ46,0.04485815014285715
FDJ48,0.061226245375
FDJ50,0.02321992977777778
FDJ52,0.017803425624999997
FDJ53,0.08146286350000001
FDJ55,0.025312099888888887
FDJ56,0.1988561461111111
FDJ57,0.02320663555555556
FDJ58,0.12037567930000001
FDJ60,0.067261438
FDK02,0.13008228844444447
FDK03,0.07951575477777778
FDK04,0.056772132749999996
FDK08,0.14168945911111114
FDK09,0.1049048612
FDK10,0.04039643875
FDK14,0.04117796728571429
FDK15,0.11250781480000001
FDK16,0.126239482125
FDK20,0.04608952399999999
FDK21,0.01077018888888889
FDK22,0.028307908125000003
FDK24,0.11218692357142857
FDK25,0.1700461247777778
FDK26,0.037314911111111106
FDK27,0.00970035088888889
FDK28,0.07055465333333333
FDK32,0.05424291371428571
FDK33,0.012844266899999998
FDK34,0.04178782462499999
FDK36,0.007826063874999999
FDK38,0.057323630333333334
FDK40,0.02187524671428572
FDK41,0.14580716100000002
FDK43,0.02910230888888889
FDK44,0.13381342400000001
FDK45,0.036711002000000006
FDK46,0.05588128012499999
FDK48,0.04129908571428571
FDK50,0.03103169575
FDK51,0.005679616875000001
FDK52,0.09340776649999999
FDK55,0.027932320444444443
FDK56,0.14232359387500002
FDK57,0.080367651875
FDK58,0.04985679485714285
FDK60,0.09396416485714286
FDL02,0.11285320800000001
FDL03,0.029381401000000005
FDL04,0.12135383911111111
FDL08,0.049760890571428566
FDL09,0.14637230480000002
FDL10,0.039538926571428566
FDL12,0.1390519235
FDL13,0.0643840339
FDL14,0.036764385600000005
FDL15,0.0533133921
FDL16,0.19257724480000002
FDL20,0.140586967625
FDL21,0.007748555777777777
FDL22,0.03945632888888889
FDL24,0.024919770625
FDL25,0.1310468205
FDL26,0.07942732062499999
FDL27,0.011536483625
FDL28,0.06324178
FDL32,0.14437196524999998
FDL33,0.108477244125
FDL34,0.040984023375
FDL36,0.0869703686
FDL38,0.016843058100000002
FDL39,0.072401132
FDL40,0.012593868875
FDL43,0.02934476533333334
FDL44,0.013309392222222223
FDL45,0.04308516829999999
FDL46,0.06264933655555555
FDL48,0.08849347400000002
FDL50,0.042359248
FDL51,0.05149288777777778
FDL52,0.05342851744444445
FDL56,0.13637860022222223
FDL57,0.07272855333333333
FDL58,0.08590135977777778
FDM01,0.0946404157142857
FDM02,0.07931634211111112
FDM03,0.12328283666666667
FDM04,0.047164485125
FDM08,0.058152770625
FDM09,0.0982379279
FDM10,0.07605243928571429
FDM12,0.07992991029999999
FDM13,0.06795730477777778
FDM14,0.013276318499999998
FDM15,0.062853413
FDM16,0.033586642875
FDM20,0.045614834125
FDM21,0.06978725122222224
FDM22,0.048634248
FDM24,0.086062418125
FDM25,0.07030862622222223
FDM27,0.17349066012499997
FDM28,0.0516775654
FDM32,0.02062421825
FDM33,0.09598997375
FDM34,0.07818150788888889
FDM36,0.06367935933333332
FDM38,0.09285768962500002
FDM39,0.06112827479999999
FDM40,0.17344337399999998
FDM44,0.0354963436
FDM45,0.08827684937500001
FDM46,0.18287707739999998
FDM50,0.03009036383333333
FDM51,0.028110708222222225
FDM52,0.026005956857142853
FDM56,0.08132897588888889
FDM57,0.08224004788888889
FDM58,0.088755236
FDM60,0.05673260075
FDN01,0.08536090525
FDN02,0.07941604866666668
FDN03,0.0172510214
FDN04,0.014102428142857143
FDN08,0.095844402875
FDN09,0.03783561975
FDN10,0.050472393
FDN12,0.08796907600000001
FDN13,0.1648703711111111
FDN15,0.019396845777777776
FDN16,0.06798327477777778
FDN20,0.028412043999999997
FDN21,0.0833313111111111
FDN22,0.13854822571428574
FDN23,0.0755780645
FDN24,0.12281109033333333
FDN25,0.06633004866666667
FDN27,0.043793365857142864
FDN28,0.030276067875000003
FDN31,0.07839821344444445
FDN32,0.016738190888888886
FDN33,0.12323039937500001
FDN34,0.05072738914285714
FDN38,0.1051432816
FDN39,0.0729295795
FDN40,0.08654879000000001
FDN44,0.022816836375
FDN45,0.12704241288888887
FDN46,0.15684538087500002
FDN48,0.07425242029999998
FDN49,0.13470317822222222
FDN50,0.028754327333333336
FDN51,0.020966331499999998
FDN52,0.14152890366666665
FDN56,0.1223890048
FDN57,0.05880384944444444
FDN58,0.056925347125
FDN60,0.10317588822222222
FDO01,0.023685804499999998
FDO03,0.0403829505
FDO04,0.02654400128571429
FDO08,0.06230798766666666
FDO09,0.134757186
FDO10,0.014183264833333334
FDO11,0.0345991775
FDO12,0.05502449549999999
FDO13,0.06620442366666665
FDO15,0.009793372199999999
FDO16,0.01625179066666667
FDO19,0.017998205375
FDO20,0.16508231575
FDO21,0.010585631
FDO22,0.01959804757142857
FDO23,0.160270077
FDO24,0.1911871505
FDO25,0.13709612899999998
FDO27,0.2075326238888889
FDO28,0.079114705875
FDO31,0.033133335
FDO32,0.12966801144444445
FDO33,0.08939767285714285
FDO34,0.032205127
FDO36,0.09031179322222223
FDO37,0.023186134875
FDO38,0.07835251488888889
FDO39,0.150290762125
FDO40,0.03509785544444445
FDO44,0.0874953777142857
FDO45,0.040825565333333334
FDO46,0.015412721374999999
FDO48,0.028872444777777777
FDO49,0.03617680399999999
FDO50,0.08652821442857142
FDO51,0.045557522249999996
FDO52,0.0772364445
FDO56,0.05142457479999999
FDO57,0.12427870540000001
FDO58,0.042911856444444445
FDO60,0.037278781000000004
FDP01,0.06811932766666667
FDP03,0.07087336455555555
FDP04,0.014976604888888887
FDP07,0.089985483375
FDP08,0.12198503525
FDP09,0.038743272700000005
FDP10,0.1464341176
FDP11,0.0789965395
FDP12,0.045308955000000005
FDP13,0.155710059
FDP15,0.09190821275
FDP16,0.04226922922222222
FDP19,0.19038483285714286
FDP20,0.045711759625
FDP21,0.0294272264
FDP22,0.0993062427142857
FDP23,0.04125286844444445
FDP24,0.08928696977777778
FDP25,0.024244678999999998
FDP26,0.1547363274285714
FDP27,0.1365573424
FDP28,0.08674445977777778
FDP31,0.1616553375
FDP32,0.095144142875
FDP33,0.10343719355555554
FDP34,0.15023891675000003
FDP36,0.0912939022
FDP37,0.16360036760000002
FDP38,0.036699482299999996
FDP39,0.0793674154
FDP40,0.03725202722222222
FDP44,0.08574739677777778
FDP45,0.03320522433333333
FDP46,0.08267721185714286
FDP48,0.05101843677777777
FDP49,0.07560272274999999
FDP51,0.09246006777777778
FDP52,0.078331293
FDP56,0.0504007871111111
FDP57,0.05691002237500001
FDP58,0.14792619225
FDP59,0.0645522526
FDP60,0.05599602033333334
FDQ01,0.16085127437500002
FDQ03,0.09196476587499999
FDQ04,0.09822082966666668
FDQ07,0.09477156944444445
FDQ08,0.021641396
FDQ09,0.063627820875
FDQ10,0.035974838777777775
FDQ11,0.07340525377777779
FDQ12,0.040481973500000004
FDQ13,0.011538245888888887
FDQ14,0.07063594009999999
FDQ15,0.16393818074999997
FDQ16,0.04525518333333333
FDQ19,0.015452478666666667
FDQ20,0.032039365333333326
FDQ21,0.021276117375
FDQ22,0.029767343374999998
FDQ23,0.026592319444444443
FDQ24,0.080635247375
FDQ25,0.030417061333333335
FDQ26,0.0736389195
FDQ27,0.048474112874999996
FDQ28,0.07001509933333333
FDQ31,0.06241672455555555
FDQ32,0.05053562466666667
FDQ33,0.09902916125
FDQ34,0.17591281666666667
FDQ36,0.1617193487142857
FDQ37,0.10204381970000001
FDQ39,0.0879517485
FDQ40,0.0411870791
FDQ44,0.036173947874999994
FDQ45,0.011949111875
FDQ46,0.10390969137500002
FDQ47,0.1922725967
FDQ48,0.034440213571428575
FDQ49,0.0454841438888889
FDQ51,0.019240109285714287
FDQ52,0.128421683
FDQ55,0.0130502145
FDQ56,0.11359037444444445
FDQ57,0.03095598814285714
FDQ58,0.015318536285714284
FDQ59,0.056485551714285716
FDQ60,0.11859008711111112
FDR01,0.05813929255555556
FDR02,0.0252257338
FDR03,0.008746270714285714
FDR04,0.024477185999999998
FDR07,0.08887772969999999
FDR08,0.04170283457142857
FDR09,0.0888556539
FDR10,0.010799851333333334
FDR11,0.15332747988888887
FDR12,0.0360508913
FDR13,0.0328339854
FDR14,0.19897485199999998
FDR15,0.0382266956
FDR16,0.11296721044444445
FDR19,0.18259450519999998
FDR20,0.028149939375
FDR21,0.0765213854
FDR22,0.019967677333333333
FDR23,0.09475046344444445
FDR24,0.0681474251111111
FDR25,0.13965184175
FDR26,0.04607925511111111
FDR27,0.10986311709999999
FDR28,0.027856687222222218
FDR31,0.05620357420000001
FDR32,0.09508459542857141
FDR33,0.030625420100000002
FDR34,0.017310509666666665
FDR35,0.020716994625
FDR36,0.130789707
FDR37,0.07126422955555556
FDR39,0.08387730987500001
FDR40,0.008793929624999999
FDR43,0.1737132587777778
FDR44,0.10301671750000001
FDR45,0.031425488875000004
FDR46,0.16151470833333334
FDR47,0.09483856955555554
FDR48,0.154981519
FDR49,0.151098958125
FDR51,0.17366418833333333
FDR52,0.08693504710000001
FDR55,0.13220652687499998
FDR56,0.108393185
FDR57,0.02351884525
FDR58,0.045469958625
FDR59,0.06869762388888889
FDR60,0.13053654975
FDS01,0.020565586555555553
FDS02,0.1616853862857143
FDS03,0.09103234130000001
FDS04,0.1590774125
FDS07,0.09986668328571427
FDS08,0.0651187212
FDS09,0.08792081455555555
FDS10,0.0381639175
FDS11,0.060239744222222225
FDS12,0.1990543252
FDS13,0.14426165888888887
FDS14,0.054664630875
FDS15,0.08923977520000001
FDS16,0.066293146
FDS19,0.0696586025
FDS20,0.053917068874999995
FDS21,0.0238658559
FDS22,0.023165564142857142
FDS23,0.1527601121111111
FDS24,0.06746737444444445
FDS25,0.160059387
FDS26,0.09624148244444444
FDS27,0.013507838
FDS28,0.08934456566666665
FDS31,0.044229583571428574
FDS32,0.034365877
FDS33,0.13506553837500002
FDS34,0.0768305475
FDS35,0.11132408075
FDS36,0.046930997625000005
FDS37,0.03436289555555556
FDS39,0.0241607
FDS40,0.016250213666666666
FDS43,0.04053442442857142
FDS44,0.17079580600000002
FDS45,0.033720113499999996
FDS46,0.05123912522222222
FDS47,0.15200346925
FDS48,0.032739698750000004
FDS49,0.086868554375
FDS50,0.055484991875
FDS51,0.032210457875
FDS52,0.0062585286
FDS55,0.09404259933333332
FDS56,0.04169051733333332
FDS57,0.113174420125
FDS58,0.022997829375
FDS59,0.0501794921
FDS60,0.0352034675
FDT01,0.19975682662500002
FDT02,0.024237215142857146
FDT03,0.011430700299999999
FDT04,0.11713371725000002
FDT07,0.08463312675000001
FDT08,0.052944032333333335
FDT09,0.014215818111111111
FDT10,0.06674088833333333
FDT11,0.0335788273
FDT12,0.05337775477777778
FDT13,0.02013644588888889
FDT14,0.14601908989999998
FDT15,0.0487940059
FDT16,0.052807374500000004
FDT19,0.16802916622222222
FDT20,0.044528822555555556
FDT21,0.022337131125
FDT22,0.12154227677777778
FDT23,0.08038818466666667
FDT24,0.20407581671428573
FDT25,0.058019099399999996
FDT26,0.068016778875
FDT27,0.0795528532
FDT28,0.06892211311111111
FDT31,0.014231033199999998
FDT32,0.075033467
FDT33,0.03401697957142857
FDT34,0.20210968655555556
FDT35,0.08149465657142858
FDT36,0.12076180812500001
FDT37,0.041575092749999994
FDT38,0.05759101875
FDT39,0.0112811137
FDT40,0.104878027875
FDT43,0.0234906531
FDT44,0.10308243412500001
FDT45,0.06219995925
FDT46,0.036325986250000004
FDT47,0.026595897000000004
FDT48,0.04605062166666666
FDT49,0.16426917987499998
FDT50,0.12544369477777778
FDT51,0.012482486400000001
FDT52,0.05142588777777777
FDT55,0.047784742750000005
FDT56,0.1321465697
FDT57,0.020475597666666664
FDT58,0.09246095288888889
FDT59,0.018440572333333332
FDT60,0.08636769559999999
FDU01,0.013500438833333336
FDU02,0.111148894
FDU03,0.09935306975
FDU04,0.006146276571428571
FDU07,0.06488954766666666
FDU08,0.027340851
FDU09,0.072268251625
FDU10,0.045734567375
FDU11,0.10585412680000002
FDU12,0.0865994931
FDU13,0.21742102655555554
FDU14,0.03769433025
FDU15,0.03133869175
FDU16,0.05832023314285715
FDU19,0.04682680842857143
FDU20,0.024530518299999998
FDU21,0.0877077051
FDU22,0.102149836375
FDU23,0.02357336925
FDU24,0.15533262885714286
FDU25,0.026706105
FDU26,0.04872248
FDU27,0.185991760875
FDU28,0.10886497433333334
FDU31,0.028570061900000006
FDU32,0.028431796
FDU33,0.15400174930000002
FDU34,0.075264944
FDU35,0.08690169985714284
FDU36,0.050684981375
FDU37,0.11441453662500001
FDU38,0.09437198940000001
FDU39,0.03607150725
FDU40,0.042760651999999996
FDU43,0.06355134725
FDU44,0.06334854655555555
FDU45,0.040591028800000005
FDU46,0.011968492
FDU47,0.12492161114285713
FDU48,0.0632864184
FDU49,0.030722941124999997
FDU50,0.0752064577142857
FDU51,0.096603541125
FDU52,0.06914405077777779
FDU55,0.035944712499999996
FDU56,0.0445064415
FDU57,0.1023793739
FDU58,0.03147487825
FDU59,0.096475973375
FDU60,0.0649595945
FDV01,0.10014930237500001
FDV02,0.060602002875000005
FDV03,0.062488415555555545
FDV04,0.16137045266666666
FDV07,0.03129229016666666
FDV08,0.028625357
FDV09,0.0235142305
FDV10,0.07863048112500001
FDV11,0.08959208957142857
FDV12,0.07055077655555556
FDV13,0.027636576
FDV14,0.048246735444444445
FDV15,0.15848861633333333
FDV16,0.09077067475
FDV19,0.0403062493
FDV20,0.069279649
FDV21,0.1983063257777778
FDV22,0.010691088555555556
FDV23,0.11475433422222221
FDV24,0.11330271042857142
FDV25,0.049968045375
FDV26,0.08336489799999999
FDV27,0.047120685
FDV28,0.18817809262500002
FDV31,0.115784148625
FDV32,0.09618275811111113
FDV33,0.027369070500000002
FDV34,0.01229029411111111
FDV35,0.13900835211111112
FDV36,0.03048971288888889
FDV37,0.08983535433333333
FDV38,0.11634902790000001
FDV39,0.007286667125
FDV40,0.016119888285714284
FDV43,0.08333131111111111
FDV44,0.03988152925
FDV45,0.048843035666666666
FDV46,0.01379978025
FDV47,0.059335346750000004
FDV48,0.05599923162500001
FDV49,0.028003340666666668
FDV50,0.12268533749999999
FDV51,0.035001888111111115
FDV52,0.140860121
FDV55,0.055124709625
FDV56,0.01462483333333333
FDV57,0.06591135366666667
FDV58,0.131588121875
FDV59,0.052092354375000004
FDV60,0.13604707522222223
FDW01,0.07425999855555557
FDW02,0.041263394125
FDW03,0.0280558692
FDW04,0.05792864142857144
FDW07,0.15348950255555557
FDW08,0.14841956614285715
FDW09,0.02788285988888889
FDW10,0.08335739612500001
FDW11,0.052474582
FDW12,0.041216466111111114
FDW13,0.11190293390000002
FDW14,0.03824711625
FDW15,0.0630064957
FDW16,0.047413818399999995
FDW19,0.044014123599999996
FDW20,0.026205885124999998
FDW21,0.005969434000000001
FDW22,0.03032261957142857
FDW23,0.08892246522222222
FDW24,0.04286705810000001
FDW25,0.040229820444444446
FDW26,0.12238900479999999
FDW27,0.165046029375
FDW28,0.09638812337500001
FDW31,0.04319828925000001
FDW32,0.10780122429999998
FDW33,0.10662339866666666
FDW34,0.04124137233333333
FDW35,0.012023577555555554
FDW36,0.06172965777777779
FDW37,0.12419714414285714
FDW38,0.15219664214285714
FDW39,0.040868433999999995
FDW40,0.12193317677777776
FDW43,0.024314736555555556
FDW44,0.03781194322222222
FDW45,0.04196387866666666
FDW46,0.07622511844444445
FDW47,0.0530166918
FDW48,0.008548775625
FDW49,0.09567398077777778
FDW50,0.08194608511111111
FDW51,0.10182503377777778
FDW52,0.0375574775
FDW55,0.024095826571428575
FDW56,0.0810540169
FDW57,0.11580047171428569
FDW58,0.008269050625
FDW59,0.022692114
FDW60,0.017077836125
FDX01,0.025993425888888887
FDX02,0.057113219625
FDX03,0.0698456212
FDX04,0.04507428322222221
FDX07,0.022929863
FDX08,0.025841211100000004
FDX09,0.07459371430000002
FDX10,0.135413003
FDX11,0.106851479625
FDX12,0.028598405428571425
FDX13,0.055356337444444445
FDX14,0.08125430955555554
FDX15,0.15644439025
FDX16,0.071380621625
FDX19,0.10405596177777779
FDX20,0.04614628388888889
FDX21,0.09713413080000002
FDX22,0.0262650691
FDX23,0.031939243666666665
FDX24,0.016410005
FDX25,0.10212734466666666
FDX26,0.10178907144444445
FDX27,0.123837484375
FDX28,0.12539792485714285
FDX31,0.0160843285
FDX32,0.10827207933333333
FDX33,0.11759422650000001
FDX34,0.07205255725
FDX35,0.09262621733333333
FDX36,0.14665487690000004
FDX37,0.06840318987499999
FDX38,0.05590384222222222
FDX39,0.0534363321111111
FDX40,0.11474738988888888
FDX43,0.09252004912499999
FDX44,0.04658680933333333
FDX45,0.11479507274999999
FDX46,0.06736989544444444
FDX47,0.039560082499999996
FDX48,0.043313874999999995
FDX49,0.10188087871428571
FDX50,0.0853146733
FDX51,0.023728431888888887
FDX52,0.045541608555555564
FDX55,0.060424871124999995
FDX56,0.08106517675
FDX57,0.051296105375
FDX58,0.04707631799999999
FDX59,0.055571708222222224
FDX60,0.08066917537500001
FDY01,0.170442046125
FDY02,0.101537401
FDY03,0.087023351
FDY04,0.046055415
FDY07,0.12187957333333332
FDY08,0.19557515749999996
FDY09,0.029204416222222227
FDY10,0.053202226666666665
FDY11,0.029587975375
FDY12,0.15259946900000002
FDY13,0.03266587377777778
FDY14,0.0800707548
FDY15,0.18522163577777778
FDY16,0.10212279914285713
FDY19,0.044496002666666666
FDY20,0.08864106488888888
FDY21,0.18994363975
FDY22,0.18510845088888886
FDY24,0.15735971937499998
FDY25,0.03400304328571429
FDY26,0.032819982444444444
FDY27,0.03192503442857143
FDY28,0.16859372899999997
FDY31,0.049801551799999996
FDY32,0.14774984330000002
FDY33,0.1064171185
FDY34,0.011907165
FDY35,0.018323029100000006
FDY36,0.0107582231
FDY37,0.028579972999999998
FDY38,0.12921797000000002
FDY39,0.05453738455555556
FDY40,0.10116224649999998
FDY43,0.09857502585714287
FDY44,0.024427282
FDY45,0.028690093
FDY46,0.047934530125
FDY47,0.06314482722222221
FDY48,0.02573471911111111
FDY49,0.013024181333333334
FDY50,0.13106607942857143
FDY51,0.08121037175
FDY52,0.008658713125
FDY55,0.08148679716666667
FDY56,0.0713494342
FDY57,0.12136713775
FDY58,0.0456353806
FDY59,0.034061626124999994
FDY60,0.02893152028571429
FDZ01,0.010498759
FDZ02,0.041034948777777774
FDZ03,0.08641051642857143
FDZ04,0.0408280581111111
FDZ07,0.11070823325000001
FDZ08,0.110094792
FDZ09,0.112817651
FDZ10,0.05152867488888889
FDZ12,0.11077367211111111
FDZ13,0.16658188599999998
FDZ14,0.051598412888888896
FDZ15,0.022849575125
FDZ16,0.18522037100000002
FDZ19,0.10052885244444444
FDZ20,0.03978447777777778
FDZ21,0.042190710666666666
FDZ22,0.049084236
FDZ23,0.0771699764
FDZ25,0.02764276125
FDZ26,0.1646423517
FDZ27,0.017172236374999997
FDZ28,0.05968618422222222
FDZ31,0.11331255500000001
FDZ32,0.0417513195
FDZ33,0.11644608555555555
FDZ34,0.07596828442857143
FDZ35,0.024385923500000004
FDZ36,0.07628694866666667
FDZ37,0.019791889714285714
FDZ38,0.008675166333333335
FDZ39,0.01938913166666667
FDZ40,0.04593737960000001
FDZ43,0.057111673375
FDZ44,0.04427550310000001
FDZ45,0.07755353122222224
FDZ46,0.06918808237499999
FDZ47,0.085992933125
FDZ48,0.0880482078888889
FDZ49,0.14322391044444444
FDZ50,0.09170181066666666
FDZ51,0.05984612614285715
FDZ52,0.10764954233333333
FDZ55,0.025432360875
FDZ56,0.0294228112
FDZ57,0.0409728055
FDZ58,0.056573166444444434
FDZ59,0.11891866740000001
FDZ60,0.13059172
NCA05,0.027515378
NCA06,0.14335269871428571
NCA17,0.049839552
NCA18,0.060322296777777784
NCA29,0.03161059155555555
NCA30,0.14034720987500002
NCA41,0.032617051125000004
NCA42,0.03132206985714286
NCA53,0.010815865125
NCA54,0.03941513711111111
NCB06,0.08856409933333334
NCB07,0.08337438755555554
NCB18,0.0472045387
NCB19,0.09790382200000002
NCB30,0.029781319888888894
NCB31,0.1286735946666667
NCB42,0.00856914775
NCB43,0.10843079175
NCB54,0.05427003988888889
NCB55,0.17420012799999995
NCC06,0.0308511245
NCC07,0.027381228400000002
NCC18,0.20549429877777778
NCC19,0.0969707815
NCC30,0.02966677122222222
NCC31,0.023034164777777776
NCC42,0.04830769055555555
NCC43,0.10157997687499999
NCC54,0.11170425050000002
NCC55,0.07069632457142858
NCD06,0.107694204
NCD07,0.05544530183333332
NCD18,0.07274050816666666
NCD19,0.014669742833333334
NCD30,0.029151877125000003
NCD31,0.016602756555555556
NCD42,0.013843437
NCD43,0.018569451333333334
NCD54,0.031453173111111114
NCD55,0.026172897444444444
NCE06,0.10458696790000002
NCE07,0.015216373555555558
NCE18,0.021443381571428572
NCE19,0.1063353821
NCE30,0.10850800749999999
NCE31,0.2113153016
NCE42,0.01149973675
NCE43,0.11825638909999998
NCE54,0.029435995625
NCE55,0.12999114514285717
NCF06,0.021727243777777776
NCF07,0.032052351375
NCF18,0.10172592610000002
NCF19,0.040136706
NCF30,0.1443236578
NCF31,0.05621597266666667
NCF42,0.19135423769999999
NCF43,0.057025711285714285
NCF54,0.054161991300000004
NCF55,0.021686509125000003
NCG06,0.029472777874999995
NCG07,0.05692575433333333
NCG18,0.026634717222222222
NCG19,0.148071310125
NCG30,0.12178515200000001
NCG42,0.044728155374999995
NCG43,0.087476882625
NCG54,0.079880575125
NCG55,0.03915618757142857
NCH06,0.08234907488888889
NCH07,0.1059380153
NCH18,0.0510572311
NCH29,0.037724021499999996
NCH30,0.077809471
NCH42,0.04176988389999999
NCH43,0.08179811388888887
NCH54,0.08423923144444444
NCH55,0.04016771777777777
NCI06,0.0545514109
NCI17,0.1569898
NCI18,0.014037086125
NCI29,0.035090792777777775
NCI30,0.06737576539999998
NCI31,0.09426825022222224
NCI42,0.011238923222222221
NCI43,0.025992885499999997
NCI54,0.03892433333333334
NCI55,0.012665346625000002
NCJ05,0.046131186625
NCJ06,0.039615272199999996
NCJ17,0.17440433190000001
NCJ18,0.1874203054
NCJ19,0.12712550122222221
NCJ29,0.035225694625
NCJ30,0.09347975933333334
NCJ31,0.19647952511111114
NCJ42,0.01565416925
NCJ43,0.029360726249999997
NCJ54,0.065151573375
NCK05,0.08478108675000001
NCK06,0.00930101688888889
NCK07,0.048732021625
NCK17,0.040763248999999994
NCK18,0.007895619875
NCK19,0.0973133251111111
NCK29,0.13809593914285714
NCK30,0.06559426611111112
NCK31,0.030921326
NCK42,0.013132244375000001
NCK53,0.04358153722222222
NCK54,0.0295148198
NCL05,0.053061969285714286
NCL06,0.07752162922222222
NCL07,0.034303049125
NCL17,0.0774865454
NCL18,0.18170413355555556
NCL19,0.016997075
NCL29,0.123583984875
NCL30,0.048985997375
NCL31,0.13041559577777778
NCL41,0.04525434588888889
NCL42,0.04039107199999999
NCL53,0.03934245424999999
NCL54,0.08280036883333335
NCL55,0.07165110857142858
NCM05,0.0684177497
NCM06,0.08146002722222223
NCM07,0.043328932
NCM17,0.07652041188888889
NCM18,0.0947057774
NCM19,0.047281229
NCM26,0.025325158125000004
NCM29,0.018977635555555556
NCM30,0.07296556611111112
NCM31,0.088112876125
NCM41,0.03568919075
NCM42,0.030465252555555558
NCM43,0.022264467399999995
NCM53,0.05598008833333333
NCM54,0.059044681111111115
NCM55,0.0717768861111111
NCN05,0.014473135750000001
NCN06,0.12961815833333334
NCN07,0.0388059684
NCN14,0.10655259922222222
NCN17,0.05498157471428571
NCN18,0.12484111616666665
NCN19,0.013246463625000001
NCN26,0.03149428757142857
NCN29,0.015007414166666665
NCN30,0.018279483888888885
NCN41,0.0596862742
NCN42,0.015435230250000001
NCN43,0.007835378555555557
NCN53,0.034702713600000004
NCN54,0.023123391888888886
NCN55,0.06455785362500001
NCO02,0.08030846712499999
NCO05,0.05008370855555556
NCO06,0.11620766422222223
NCO07,0.010599994111111111
NCO14,0.0338892153
NCO17,0.081339782
NCO18,0.028181613800000005
NCO26,0.08267312011111111
NCO29,0.03497402555555555
NCO30,0.018227099111111107
NCO41,0.020275603555555556
NCO42,0.026733019666666667
NCO43,0.051096941624999996
NCO53,0.1753319972857143
NCO54,0.0163185341
NCO55,0.1040748059
NCP02,0.051225891499999995
NCP05,0.028135430666666666
NCP06,0.04221646811111111
NCP14,0.11863800466666666
NCP17,0.027744611714285713
NCP18,0.03100787411111111
NCP29,0.132357711125
NCP30,0.0327992025
NCP41,0.018532265
NCP42,0.01746816888888889
NCP43,0.03307750555555555
NCP50,0.022498244375
NCP53,0.032920971375000004
NCP54,0.03518239887499999
NCP55,0.012250991624999997
NCQ02,0.00809593575
NCQ05,0.026026485714285712
NCQ06,0.045348564444444434
NCQ17,0.137817783
NCQ18,0.14529697033333336
NCQ29,0.1207501301111111
NCQ30,0.033235767299999996
NCQ38,0.01449265511111111
NCQ41,0.021354848714285717
NCQ42,0.04549203422222223
NCQ43,0.13117217025
NCQ50,0.03434478242857143
NCQ53,0.018922928874999998
NCQ54,0.0136079895
NCR05,0.059233906
NCR06,0.00677144825
NCR17,0.02440602075
NCR18,0.020506701375
NCR29,0.059244793666666656
NCR30,0.08228964933333333
NCR38,0.1230832778888889
NCR41,0.01804531942857143
NCR42,0.044605269555555556
NCR50,0.011831092625000001
NCR53,0.16805467455555553
NCR54,0.099148721125
NCS05,0.022745637333333332
NCS06,0.03570969683333333
NCS17,0.080576399125
NCS18,0.042250422625000006
NCS29,0.0795051692
NCS30,0.100882124625
NCS38,0.09904202785714285
NCS41,0.062984045625
NCS42,0.07526534277777779
NCS53,0.09734269644444445
NCS54,0.010749582888888888
NCT05,0.020971357
NCT06,0.042389760625
NCT17,0.04190482999999999
NCT18,0.0679126521
NCT29,0.07014244975
NCT30,0.09179175360000001
NCT41,0.061331501000000004
NCT42,0.026984269777777778
NCT53,0.056734383624999996
NCT54,0.119646906875
NCU05,0.06318220511111111
NCU06,0.08140749612499999
NCU17,0.101697378375
NCU18,0.0638369921
NCU29,0.029126110700000003
NCU30,0.03824067285714285
NCU41,0.05599504433333333
NCU42,0.019524816625
NCU53,0.046418242125
NCU54,0.10608747744444447
NCV05,0.03501603988888889
NCV06,0.072989096625
NCV17,0.016120023285714286
NCV18,0.11411364622222221
NCV29,0.026478927111111113
NCV30,0.07155342475
NCV41,0.0194789255
NCV42,0.0359219677
NCV53,0.020427070874999998
NCV54,0.03837736422222223
NCW05,0.15928077533333332
NCW06,0.054628390624999995
NCW17,0.021225870874999997
NCW18,0.059338142499999996
NCW29,0.032996464200000006
NCW30,0.011020148375000002
NCW41,0.016938098571428573
NCW42,0.06777279166666667
NCW53,0.033064524222222225
NCW54,0.09651101300000002
NCX05,0.11096249890000001
NCX06,0.017933609599999997
NCX17,0.11370920999999999
NCX18,0.010366523374999999
NCX29,0.10192019429999999
NCX30,0.02886362122222223
NCX41,0.019212264111111113
NCX42,0.006482338555555556
NCX53,0.016210229625
NCX54,0.05169770377777778
NCY05,0.05964470925
NCY06,0.06581611255555556
NCY17,0.1632224435714286
NCY18,0.033509617444444445
NCY29,0.08829492500000001
NCY30,0.02814002077777778
NCY41,0.086581832
NCY42,0.01644013711111111
NCY53,0.06403086837500001
NCY54,0.19114523900000002
NCZ05,0.06303029633333333
NCZ06,0.10209551255555555
NCZ17,0.08613952150000001
NCZ18,0.203573671375
NCZ29,0.07677383233333335
NCZ30,0.03033518166666667
NCZ41,0.06445230057142858
NCZ42,0.012239024666666667
NCZ53,0.02632993466666667
NCZ54,0.09038306633333333
